date,url,pdf_url,read_status
2026-09-24,https://motenmedborgarportal.malmo.se/committees/kommunfullmaktige/mote-2026-09-24,,missing_pdf
2026-08-27,https://motenmedborgarportal.malmo.se/committees/kommunfullmaktige/mote-2026-08-27,https://motenmedborgarportal.malmo.se/committees/kommunfullmaktige/mote-2026-08-27/protocol/protokoll-kf-260827pdf?downloadMode=open,processed
2026-06-17,https://motenmedborgarportal.malmo.se/committees/kommunfullmaktige/mote-2026-06-17,https://motenmedborgarportal.malmo.se/committees/kommunfullmaktige/mote-2026-06-17/protocol/protokoll-kf-2026-06-17pdf?downloadMode=open,processed
2026-05-28,https://motenmedborgarportal.malmo.se/committees/kommunfullmaktige/mote-2026-05-28,https://motenmedborgarportal.malmo.se/committees/kommunfullmaktige/mote-2026-05-28/protocol/protokoll-kf-2026-05-28pdf?downloadMode=open,processed
2026-04-23,https://motenmedborgarportal.malmo.se/committees/kommunfullmaktige/mote-2026-04-23,https://motenmedborgarportal.malmo.se/committees/kommunfullmaktige/mote-2026-04-23/protocol/protokoll-kf-2026-04-23pdf?downloadMode=open,processed
2026-03-26,https://motenmedborgarportal.malmo.se/committees/kommunfullmaktige/mote-2026-03-26,https://motenmedborgarportal.malmo.se/committees/kommunfullmaktige/mote-2026-03-26/protocol/protokoll-kf-26-03-26pdf?downloadMode=open,processed
2026-02-26,https://motenmedborgarportal.malmo.se/committees/kommunfullmaktige/mote-2026-02-26,https://motenmedborgarportal.malmo.se/committees/kommunfullmaktige/mote-2026-02-26/protocol/protokoll-kf-26-02-26pdf?downloadMode=open,processed
2026-01-22,https://motenmedborgarportal.malmo.se/committees/kommunfullmaktige/mote-2026-01-22,https://motenmedborgarportal.malmo.se/committees/kommunfullmaktige/mote-2026-01-22/protocol/protokoll-kf-2026-01-22pdf?downloadMode=open,processed
2025-12-16,https://motenmedborgarportal.malmo.se/committees/kommunfullmaktige/mote-2025-12-16,https://motenmedborgarportal.malmo.se/committees/kommunfullmaktige/mote-2025-12-16/protocol/protokoll-kf-2025-12-16-inkl-bilagorpdf?downloadMode=open,processed
2025-11-26,https://motenmedborgarportal.malmo.se/committees/kommunfullmaktige/mote-2025-11-26,https://motenmedborgarportal.malmo.se/committees/kommunfullmaktige/mote-2025-11-26/protocol/protokoll-kf-2025-11-26-inkl-bilagorpdf?downloadMode=open,processed
2025-10-30,https://motenmedborgarportal.malmo.se/committees/kommunfullmaktige/mote-2025-10-30,https://motenmedborgarportal.malmo.se/committees/kommunfullmaktige/mote-2025-10-30/protocol/protokoll-kf-2025-10-30-inkl-bilagorpdf?downloadMode=open,processed
2025-10-02,https://motenmedborgarportal.malmo.se/committees/kommunfullmaktige/mote-2025-10-02,https://motenmedborgarportal.malmo.se/committees/kommunfullmaktige/mote-2025-10-02/protocol/protokoll-kf-2025-10-02pdf?downloadMode=open,processed
2025-09-11,https://motenmedborgarportal.malmo.se/committees/kommunfullmaktige/mote-2025-09-11,https://motenmedborgarportal.malmo.se/committees/kommunfullmaktige/mote-2025-09-11/protocol/protokoll-kf-2025-09-11pdf?downloadMode=open,processed
2025-06-18,https://motenmedborgarportal.malmo.se/committees/kommunfullmaktige/mote-2025-06-18,https://motenmedborgarportal.malmo.se/committees/kommunfullmaktige/mote-2025-06-18/protocol/protokoll-kf-2025-06-18-inkl-bilagorpdf?downloadMode=open,processed
2025-05-22,https://motenmedborgarportal.malmo.se/committees/kommunfullmaktige/mote-2025-05-22,https://motenmedborgarportal.malmo.se/committees/kommunfullmaktige/mote-2025-05-22/protocol/protokoll-kf-2025-05-22pdf?downloadMode=open,processed
2025-04-24,https://motenmedborgarportal.malmo.se/committees/kommunfullmaktige/mote-2025-04-24,https://motenmedborgarportal.malmo.se/committees/kommunfullmaktige/mote-2025-04-24/protocol/protokoll-kf-2025-04-24pdf?downloadMode=open,processed
2025-03-27,https://motenmedborgarportal.malmo.se/committees/kommunfullmaktige/mote-2025-03-27,https://motenmedborgarportal.malmo.se/committees/kommunfullmaktige/mote-2025-03-27/protocol/protokoll-kf-2025-03-27-inkl-bilagorpdf?downloadMode=open,processed
2025-02-27,https://motenmedborgarportal.malmo.se/committees/kommunfullmaktige/mote-2025-02-27,https://motenmedborgarportal.malmo.se/committees/kommunfullmaktige/mote-2025-02-27/protocol/protokoll-kf-2025-02-27-inkl-bilagorpdf?downloadMode=open,processed
2025-01-30,https://motenmedborgarportal.malmo.se/committees/kommunfullmaktige/mote-2025-01-30,https://motenmedborgarportal.malmo.se/committees/kommunfullmaktige/mote-2025-01-30/protocol/protokoll-kf-2025-01-30pdf?downloadMode=open,processed
2024-12-17,https://motenmedborgarportal.malmo.se/committees/kommunfullmaktige/mote-2024-12-17,https://motenmedborgarportal.malmo.se/committees/kommunfullmaktige/mote-2024-12-17/protocol/protokoll-kf-2024-12-17-inkl-bilagorpdf?downloadMode=open,processed
2024-11-20,https://motenmedborgarportal.malmo.se/committees/kommunfullmaktige/mote-2024-11-20,https://motenmedborgarportal.malmo.se/committees/kommunfullmaktige/mote-2024-11-20/protocol/protokoll-kf-2024-11-20-inkl-bilagorpdf?downloadMode=open,processed
2024-10-31,https://motenmedborgarportal.malmo.se/committees/kommunfullmaktige/mote-2024-10-31,https://motenmedborgarportal.malmo.se/committees/kommunfullmaktige/mote-2024-10-31/protocol/protokoll-kf-2024-10-31pdf-90123?downloadMode=open,processed
2024-09-26,https://motenmedborgarportal.malmo.se/committees/kommunfullmaktige/mote-2024-09-26,https://motenmedborgarportal.malmo.se/committees/kommunfullmaktige/mote-2024-09-26/protocol/protokoll-kf-2024-09-26pdf?downloadMode=open,processed
2024-08-29,https://motenmedborgarportal.malmo.se/committees/kommunfullmaktige/mote-2024-08-29,https://motenmedborgarportal.malmo.se/committees/kommunfullmaktige/mote-2024-08-29/protocol/protokoll-kf-2024-08-29-inklusive-bilagorpdf?downloadMode=open,processed
2024-06-19,https://motenmedborgarportal.malmo.se/committees/kommunfullmaktige/mote-2024-06-19,https://motenmedborgarportal.malmo.se/committees/kommunfullmaktige/mote-2024-06-19/protocol/protokoll-kf-2024-06-19-pdf?downloadMode=open,unreadable_text
2024-05-23,https://motenmedborgarportal.malmo.se/committees/kommunfullmaktige/mote-2024-05-23,https://motenmedborgarportal.malmo.se/committees/kommunfullmaktige/mote-2024-05-23/protocol/protokoll-kf-2024-05-23-inkl-bilagorpdf?downloadMode=open,processed
2024-04-25,https://motenmedborgarportal.malmo.se/committees/kommunfullmaktige/mote-2024-04-25,https://motenmedborgarportal.malmo.se/committees/kommunfullmaktige/mote-2024-04-25/protocol/protokoll-kf-2024-04-25pdf?downloadMode=open,processed
2024-03-27,https://motenmedborgarportal.malmo.se/committees/kommunfullmaktige/mote-2024-03-27,https://motenmedborgarportal.malmo.se/committees/kommunfullmaktige/mote-2024-03-27/protocol/protokoll-kf-2024-03-27pdf?downloadMode=open,processed
2024-02-29,https://motenmedborgarportal.malmo.se/committees/kommunfullmaktige/mote-2024-02-29,https://motenmedborgarportal.malmo.se/committees/kommunfullmaktige/mote-2024-02-29/protocol/protokoll-kf-2024-02-29pdf?downloadMode=open,processed
2024-02-01,https://motenmedborgarportal.malmo.se/committees/kommunfullmaktige/mote-2024-02-01,https://motenmedborgarportal.malmo.se/committees/kommunfullmaktige/mote-2024-02-01/protocol/protokoll-kf-2024-02-01-utan-paragrafbilagorpdf?downloadMode=open,processed
2023-12-21,https://motenmedborgarportal.malmo.se/committees/kommunfullmaktige/mote-2023-12-21,https://motenmedborgarportal.malmo.se/committees/kommunfullmaktige/mote-2023-12-21/protocol/protokoll-kf-2023-12-21pdf?downloadMode=open,processed
2023-11-23,https://motenmedborgarportal.malmo.se/committees/kommunfullmaktige/mote-2023-11-23,https://motenmedborgarportal.malmo.se/committees/kommunfullmaktige/mote-2023-11-23/protocol/protokoll-kf-2023-11-23pdf?downloadMode=open,processed
2023-11-01,https://motenmedborgarportal.malmo.se/committees/kommunfullmaktige/mote-2023-11-01,https://motenmedborgarportal.malmo.se/committees/kommunfullmaktige/mote-2023-11-01/protocol/protokoll-kf-2023-11-01-2023-11-02pdf?downloadMode=open,processed
2023-09-28,https://motenmedborgarportal.malmo.se/committees/kommunfullmaktige/mote-2023-09-28,https://motenmedborgarportal.malmo.se/committees/kommunfullmaktige/mote-2023-09-28/protocol/protokoll-kf-2023-09-28pdf?downloadMode=open,processed
2023-08-31,https://motenmedborgarportal.malmo.se/committees/kommunfullmaktige/mote-2023-08-31,https://motenmedborgarportal.malmo.se/committees/kommunfullmaktige/mote-2023-08-31/protocol/protokoll-kf-2023-08-31pdf?downloadMode=open,processed
2023-06-21,https://motenmedborgarportal.malmo.se/committees/kommunfullmaktige/mote-2023-06-21,https://motenmedborgarportal.malmo.se/committees/kommunfullmaktige/mote-2023-06-21/protocol/protokoll-kf-2023-06-21pdf?downloadMode=open,processed
2023-06-01,https://motenmedborgarportal.malmo.se/committees/kommunfullmaktige/mote-2023-06-01,https://motenmedborgarportal.malmo.se/committees/kommunfullmaktige/mote-2023-06-01/protocol/protokoll-kf-2023-06-01pdf?downloadMode=open,processed
2023-04-27,https://motenmedborgarportal.malmo.se/committees/kommunfullmaktige/mote-2023-04-27,https://motenmedborgarportal.malmo.se/committees/kommunfullmaktige/mote-2023-04-27/protocol/protokoll-kf-2023-04-27pdf?downloadMode=open,processed
2023-03-23,https://motenmedborgarportal.malmo.se/committees/kommunfullmaktige/mote-2023-03-23,https://motenmedborgarportal.malmo.se/committees/kommunfullmaktige/mote-2023-03-23/protocol/protokoll-skapad-2023-04-05-064129pdf?downloadMode=open,processed
2023-03-02,https://motenmedborgarportal.malmo.se/committees/kommunfullmaktige/mote-2023-03-02,https://motenmedborgarportal.malmo.se/committees/kommunfullmaktige/mote-2023-03-02/protocol/protokoll-kf-2023-03-02pdf?downloadMode=open,processed
2023-02-02,https://motenmedborgarportal.malmo.se/committees/kommunfullmaktige/mote-2023-02-02,https://motenmedborgarportal.malmo.se/committees/kommunfullmaktige/mote-2023-02-02/protocol/protokoll-skapad-2023-02-17-102424pdf?downloadMode=open,processed
2022-12-20,https://motenmedborgarportal.malmo.se/committees/kommunfullmaktige/mote-2022-12-20,https://motenmedborgarportal.malmo.se/committees/kommunfullmaktige/mote-2022-12-20/protocol/protokoll-kf-2022-12-20pdf?downloadMode=open,processed
2022-11-23,https://motenmedborgarportal.malmo.se/committees/kommunfullmaktige/mote-2022-11-23,https://motenmedborgarportal.malmo.se/committees/kommunfullmaktige/mote-2022-11-23/protocol/protokoll-kf-2022-11-23-2022-11-24pdf?downloadMode=open,processed
2022-11-03,https://motenmedborgarportal.malmo.se/committees/kommunfullmaktige/mote-2022-11-03,https://motenmedborgarportal.malmo.se/committees/kommunfullmaktige/mote-2022-11-03/protocol/protokoll-2022-11-03pdf?downloadMode=open,processed
2022-10-17,https://motenmedborgarportal.malmo.se/committees/kommunfullmaktige/mote-2022-10-17,https://motenmedborgarportal.malmo.se/committees/kommunfullmaktige/mote-2022-10-17/protocol/protokoll-skapad-2022-10-28-131832pdf?downloadMode=open,processed
2022-09-29,https://motenmedborgarportal.malmo.se/committees/kommunfullmaktige/mote-2022-09-29,,missing_pdf
2022-09-01,https://motenmedborgarportal.malmo.se/committees/kommunfullmaktige/mote-2022-09-01,,missing_pdf
2022-06-22,https://motenmedborgarportal.malmo.se/committees/kommunfullmaktige/mote-2022-06-22,,missing_pdf
2022-05-25,https://motenmedborgarportal.malmo.se/committees/kommunfullmaktige/mote-2022-05-25,,missing_pdf
2022-04-28,https://motenmedborgarportal.malmo.se/committees/kommunfullmaktige/mote-2022-04-28,,missing_pdf
2022-03-31,https://motenmedborgarportal.malmo.se/committees/kommunfullmaktige/mote-2022-03-31,,missing_pdf
2022-03-03,https://motenmedborgarportal.malmo.se/committees/kommunfullmaktige/mote-2022-03-03,,missing_pdf
2022-02-03,https://motenmedborgarportal.malmo.se/committees/kommunfullmaktige/mote-2022-02-03,,missing_pdf
2021-12-21,https://motenmedborgarportal.malmo.se/committees/kommunfullmaktige/mote-2021-12-21,,missing_pdf
2021-11-17,https://motenmedborgarportal.malmo.se/committees/kommunfullmaktige/mote-2021-11-17,,missing_pdf
2021-10-28,https://motenmedborgarportal.malmo.se/committees/kommunfullmaktige/mote-2021-10-28,,missing_pdf
2021-09-30,https://motenmedborgarportal.malmo.se/committees/kommunfullmaktige/mote-2021-09-30,,missing_pdf
2021-09-02,https://motenmedborgarportal.malmo.se/committees/kommunfullmaktige/mote-2021-09-02,,missing_pdf
2021-06-23,https://motenmedborgarportal.malmo.se/committees/kommunfullmaktige/mote-2021-06-23,,missing_pdf
2021-05-20,https://motenmedborgarportal.malmo.se/committees/kommunfullmaktige/mote-2021-05-20,,missing_pdf
2021-04-29,https://motenmedborgarportal.malmo.se/committees/kommunfullmaktige/mote-2021-04-29,,missing_pdf
2021-03-31,https://motenmedborgarportal.malmo.se/committees/kommunfullmaktige/mote-2021-03-31,,missing_pdf
2021-03-04,https://motenmedborgarportal.malmo.se/committees/kommunfullmaktige/mote-2021-03-04,,missing_pdf
2021-02-04,https://motenmedborgarportal.malmo.se/committees/kommunfullmaktige/mote-2021-02-04,,missing_pdf
2021-01-21,https://motenmedborgarportal.malmo.se/committees/kommunfullmaktige/mote-2021-01-21,,missing_pdf
2020-12-22,https://motenmedborgarportal.malmo.se/committees/kommunfullmaktige/mote-2020-12-22,,missing_pdf
2020-12-10,https://motenmedborgarportal.malmo.se/committees/kommunfullmaktige/mote-2020-12-10,,missing_pdf
2020-11-25,https://motenmedborgarportal.malmo.se/committees/kommunfullmaktige/mote-2020-11-25,,missing_pdf
2020-10-29,https://motenmedborgarportal.malmo.se/committees/kommunfullmaktige/mote-2020-10-29,,missing_pdf
2020-09-24,https://motenmedborgarportal.malmo.se/committees/kommunfullmaktige/mote-2020-09-24,,missing_pdf
2020-09-03,https://motenmedborgarportal.malmo.se/committees/kommunfullmaktige/mote-2020-09-03,,missing_pdf
2020-07-03,https://motenmedborgarportal.malmo.se/committees/kommunfullmaktige/mote-2020-07-03,,missing_pdf
2020-06-18,https://motenmedborgarportal.malmo.se/committees/kommunfullmaktige/mote-2020-06-18,,missing_pdf
2020-05-20,https://motenmedborgarportal.malmo.se/committees/kommunfullmaktige/mote-2020-05-20,,missing_pdf
2020-04-29,https://motenmedborgarportal.malmo.se/committees/kommunfullmaktige/mote-2020-04-29,,missing_pdf
2020-04-15,https://motenmedborgarportal.malmo.se/committees/kommunfullmaktige/mote-2020-04-15,,missing_pdf
2020-03-19,https://motenmedborgarportal.malmo.se/committees/kommunfullmaktige/mote-2020-03-19,,missing_pdf
2020-02-27,https://motenmedborgarportal.malmo.se/committees/kommunfullmaktige/mote-2020-02-27,,missing_pdf
2020-02-06,https://motenmedborgarportal.malmo.se/committees/kommunfullmaktige/mote-2020-02-06,,missing_pdf
2019-12-19,https://motenmedborgarportal.malmo.se/committees/kommunfullmaktige/mote-2019-12-19,,missing_pdf
2019-11-20,https://motenmedborgarportal.malmo.se/committees/kommunfullmaktige/mote-2019-11-20,,missing_pdf
2019-10-31,https://motenmedborgarportal.malmo.se/committees/kommunfullmaktige/mote-2019-10-31,,missing_pdf
2019-09-26,https://motenmedborgarportal.malmo.se/committees/kommunfullmaktige/mote-2019-09-26,,missing_pdf
2019-09-05,https://motenmedborgarportal.malmo.se/committees/kommunfullmaktige/mote-2019-09-05,,missing_pdf
2019-06-19,https://motenmedborgarportal.malmo.se/committees/kommunfullmaktige/mote-2019-06-19,,missing_pdf
2019-05-23,https://motenmedborgarportal.malmo.se/committees/kommunfullmaktige/mote-2019-05-23,,missing_pdf
2019-04-25,https://motenmedborgarportal.malmo.se/committees/kommunfullmaktige/mote-2019-04-25,,missing_pdf
2019-03-21,https://motenmedborgarportal.malmo.se/committees/kommunfullmaktige/mote-2019-03-21,,missing_pdf
2019-02-28,https://motenmedborgarportal.malmo.se/committees/kommunfullmaktige/mote-2019-02-28,,missing_pdf
2019-01-31,https://motenmedborgarportal.malmo.se/committees/kommunfullmaktige/mote-2019-01-31,,missing_pdf
2018-12-20,https://motenmedborgarportal.malmo.se/committees/kommunfullmaktige/mote-2018-12-20,,missing_pdf
2018-11-22,https://motenmedborgarportal.malmo.se/committees/kommunfullmaktige/mote-2018-11-22,,missing_pdf
2018-10-25,https://motenmedborgarportal.malmo.se/committees/kommunfullmaktige/mote-2018-10-25,,missing_pdf
2018-10-15,https://motenmedborgarportal.malmo.se/committees/kommunfullmaktige/mote-2018-10-15,,missing_pdf
